nama_produk,harga_produk,toko,kota,terjual,rating
Seblak Instan Ceu Nthien Khas Bandung Rasana Ngeunah Pisan,Rp17.000,Central Seblak Nusantara,Tangerang Selatan,2rb+ terjual,4.9
GFS Seblak Basah Instan Original - Tinggal Seduh 3 Menit Langsung Siap,Rp16.618,Lakoca Official Shop,Cimahi,100+ terjual,4.9
KERUPUK MENTAH KERUPUK SEBLAK MENTAH 500 GR - Mawar Warna,Rp12.500,BociKakang,Jakarta Selatan,100+ terjual,4.9
Seblak instant murah,Rp4.900,dapurbulbin,Bandung,,
Kerupuk Seblak Pedas Krupuk Pelangi Pedas Seblak 200gram,Rp15.500,toko bemo,Jakarta Timur,500+ terjual,4.9
Seblak Instan Pedas Home Made,Rp3.500,the Dhecip,Tangerang Selatan,3rb+ terjual,4.9
"Seblak Rafael, Seblak Coet Instan Halal",Rp25.000,Brother Meat Shop,Depok,250+ terjual,5.0
"Kylafood Seblak Rempah Autentik 115gr, Seblak Instan Halal",Rp9.900,Brother Meat Shop,Depok,100+ terjual,4.9
SEBLAK INSTANT TERMURAH,Rp4.450,Pusat Cuankie & Cemilan Frozen,Jakarta Timur,10rb+ terjual,4.8
Kylafood Seblak Cup,Rp11.000,Kylafood Jakarta,Jakarta Selatan,100+ terjual,5.0
,,,,,
,,,,,
,,,,,
,,,,,
,,,,,
,,,,,
,,,,,
,,,,,
,,,,,
,,,,,
,,,,,
,,,,,
,,,,,
,,,,,
,,,,,
,,,,,
,,,,,
,,,,,
,,,,,
,,,,,
,,,,,
,,,,,
,,,,,
,,,,,
,,,,,
,,,,,
,,,,,
,,,,,
,,,,,
,,,,,
,,,,,
,,,,,
,,,,,
,,,,,
,,,,,
,,,,,
,,,,,
,,,,,
,,,,,
,,,,,
,,,,,
,,,,,
,,,,,
,,,,,
,,,,,
,,,,,
,,,,,
,,,,,
,,,,,
,,,,,
,,,,,
,,,,,
,,,,,
,,,,,
,,,,,
,,,,,
,,,,,
,,,,,
,,,,,
,,,,,
,,,,,
,,,,,
,,,,,
,,,,,
,,,,,
,,,,,
,,,,,
,,,,,
,,,,,
,,,,,
,,,,,
,,,,,
,,,,,
,,,,,
,,,,,
,,,,,
,,,,,
,,,,,
,,,,,
,,,,,
"Seblak Rafael, Seblak Coet Instan Halal",Rp25.000,Brother Meat Shop,Depok,250+ terjual,5.0
Seblak Instan Pedas Home Made,Rp3.500,the Dhecip,Tangerang Selatan,3rb+ terjual,4.9
SEBLAK INSTANT TERMURAH,Rp4.450,Pusat Cuankie & Cemilan Frozen,Jakarta Timur,10rb+ terjual,4.8
"Kylafood Seblak Cup Instan, Halal",Rp11.500,Brother Meat Shop,Depok,100+ terjual,5.0
SEBLAK INSTAN MAMANG TERMURAH,Rp4.200,global cookware1,Jakarta Barat,250+ terjual,5.0
KERUPUK SEBLAK PEDAS / KRUPUK SEBLAK KERING DAUN JERUK PEDES,Rp25.000,LEGIT SNACK,Jakarta Barat,60+ terjual,5.0
SEBRING KRUPUK KERUPUK SEBLAK KERING PEDAS DAUN JERUK 1KG CABE ASLI,Rp16.000,Aydaa Snack,Surakarta,90+ terjual,4.9
"siomay kering bandung 500 gr. untuk baso aci, seblak ,mie ayam dll",Rp14.999,aghniya,Tangerang Selatan,750+ terjual,4.9
Kerupuk Seblak / Seblak / Kering Pedas /,Rp10.000,Anggris store,Kab. Bogor,50+ terjual,4.8
kerupuk seblak kering pedas 1 kg keripik hot spicy camilan kekinian,Rp41.000,JAGO TOK PETOK,Surabaya,100+ terjual,4.9
"Seblak Rafael, Seblak Coet Instan Halal",Rp25.000,Brother Meat Shop,Depok,250+ terjual,5.0
Kerupuk Seblak Rafael Pedas / Seblak Mawar Pedes - Duo Bocil Snack,Rp16.000,DUO BOCIL SNACK,Depok,100+ terjual,5.0
Kerupuk SEBLAK MAWAR Rafael - Cikruh Daun Jeruk,Rp20.000,KRIUK JAYA,Jakarta Barat,40+ terjual,4.9
Gelifood Seblak Instan Kerupuk Mawar Bumbu Kencur Rafael Pedas Gurih,Rp15.000,Lidigeli,Kab. Garut,250+ terjual,4.8
Kerupuk Seblak Rafael Mawar Putih Pedas,Rp8.355,oke snack,Jakarta Selatan,90+ terjual,4.9
"Seblak Rafael, Seblak Coet Instan Halal",Rp25.000,Brother Meat Shop,Depok,250+ terjual,5.0
"Kylafood Seblak Rempah Autentik 115gr, Seblak Instan Halal",Rp9.900,Brother Meat Shop,Depok,100+ terjual,4.9
Seblak Instan Pedas Home Made,Rp3.500,the Dhecip,Tangerang Selatan,3rb+ terjual,4.9
SEBLAK INSTANT TERMURAH,Rp4.450,Pusat Cuankie & Cemilan Frozen,Jakarta Timur,10rb+ terjual,4.8
"Kylafood Seblak Cup Instan, Halal",Rp11.500,Brother Meat Shop,Depok,100+ terjual,5.0
SEBRING KRUPUK KERUPUK SEBLAK KERING PEDAS DAUN JERUK 1KG CABE ASLI,Rp16.000,Aydaa Snack,Surakarta,90+ terjual,4.9
Gelifood Seblak Instan Kerupuk Mawar Bumbu Kencur Rafael Pedas Gurih,Rp15.000,Lidigeli,Kab. Garut,250+ terjual,4.8
Kerupuk Seblak Rafael Pedas / Seblak Mawar Pedes - Duo Bocil Snack,Rp16.000,DUO BOCIL SNACK,Depok,100+ terjual,5.0
Seblak Instan Pedas Home Made,Rp3.500,the Dhecip,Tangerang Selatan,3rb+ terjual,4.9
seblak basreng pedas original exstra daun jeruk 500gram,Rp25.000,Seblak putra bandung,Kab. Bandung,250+ terjual,4.8
Gelichips Seblak Kering Gurih isi 260gram - Combo Seblak Kering 4pcs - Cikuran 4pcs,Rp49.000,Lidigeli,Kab. Garut,21 terjual,5.0
seblak sami raos,Rp27.000,Hidangan Uwo,Bandar Lampung,,
KERUPUK SEBLAK PEDAS DAUN JERUK 100 GR,Rp4.500,BociKakang,Jakarta Selatan,500+ terjual,4.8
Gelichips Seblak Kering Sebring Camilan Kerupuk Pedas Combo 4pcs 65 gr,Rp49.000,Lidigeli,Kab. Garut,5 terjual,5.0
seblak kencur / okesnack,Rp10.000,oke snack,Jakarta Selatan,750+ terjual,4.9
KERUPUK SEBLAK MENTAH 1KG WARNA WARNI,Rp23.500,BociKakang,Jakarta Selatan,250+ terjual,5.0
Kerupuk Seblak,Rp8.000,SNACK JAKARTA 411,Jakarta Barat,250+ terjual,5.0
seblak kencur / okesnack,Rp10.000,oke snack,Jakarta Selatan,750+ terjual,4.9
seblak nyai mercon,Rp21.000,nyaimerconjkt,Jakarta Selatan,30+ terjual,5.0
Kerupuk Seblak Rafael / Seblak Pedas 250 Gram - Tam Snack,Rp16.000,TAM SNACK,Depok,13 terjual,5.0
,,,,,
,,,,,
,,,,,
,,,,,
,,,,,
,,,,,
,,,,,
,,,,,
,,,,,
,,,,,
,,,,,
,,,,,
,,,,,
,,,,,
,,,,,
,,,,,
,,,,,
,,,,,
,,,,,
,,,,,
,,,,,
,,,,,
,,,,,
,,,,,
,,,,,
,,,,,
,,,,,
,,,,,
,,,,,
,,,,,
,,,,,
,,,,,
,,,,,
,,,,,
,,,,,
,,,,,
,,,,,
,,,,,
,,,,,
,,,,,
,,,,,
,,,,,
,,,,,
,,,,,
,,,,,
,,,,,
,,,,,
,,,,,
,,,,,
,,,,,
,,,,,
,,,,,
,,,,,
,,,,,
,,,,,
,,,,,
,,,,,
,,,,,
,,,,,
,,,,,
,,,,,
,,,,,
,,,,,
,,,,,
,,,,,
,,,,,
,,,,,
,,,,,
,,,,,
,,,,,
,,,,,
,,,,,
,,,,,
,,,,,
,,,,,
"Seblak Rafael, Seblak Coet Instan Halal",Rp25.000,Brother Meat Shop,Depok,250+ terjual,5.0
Seblak Instan Pedas Home Made,Rp3.500,the Dhecip,Tangerang Selatan,3rb+ terjual,4.9
SEBLAK INSTANT TERMURAH,Rp4.450,Pusat Cuankie & Cemilan Frozen,Jakarta Timur,10rb+ terjual,4.8
"Kylafood Seblak Cup Instan, Halal",Rp11.500,Brother Meat Shop,Depok,100+ terjual,5.0
SEBLAK INSTAN MAMANG TERMURAH,Rp4.200,global cookware1,Jakarta Barat,250+ terjual,5.0
KERUPUK SEBLAK PEDAS / KRUPUK SEBLAK KERING DAUN JERUK PEDES,Rp25.000,LEGIT SNACK,Jakarta Barat,60+ terjual,5.0
SEBRING KRUPUK KERUPUK SEBLAK KERING PEDAS DAUN JERUK 1KG CABE ASLI,Rp16.000,Aydaa Snack,Surakarta,90+ terjual,4.9
"siomay kering bandung 500 gr. untuk baso aci, seblak ,mie ayam dll",Rp14.999,aghniya,Tangerang Selatan,750+ terjual,4.9
Kerupuk Seblak / Seblak / Kering Pedas /,Rp10.000,Anggris store,Kab. Bogor,50+ terjual,4.8
kerupuk seblak kering pedas 1 kg keripik hot spicy camilan kekinian,Rp41.000,JAGO TOK PETOK,Surabaya,100+ terjual,4.9
"Seblak Rafael, Seblak Coet Instan Halal",Rp25.000,Brother Meat Shop,Depok,250+ terjual,5.0
Kerupuk Seblak Rafael Pedas / Seblak Mawar Pedes - Duo Bocil Snack,Rp16.000,DUO BOCIL SNACK,Depok,100+ terjual,5.0
Kerupuk SEBLAK MAWAR Rafael - Cikruh Daun Jeruk,Rp20.000,KRIUK JAYA,Jakarta Barat,40+ terjual,4.9
Gelifood Seblak Instan Kerupuk Mawar Bumbu Kencur Rafael Pedas Gurih,Rp15.000,Lidigeli,Kab. Garut,250+ terjual,4.8
Kerupuk Seblak Rafael Mawar Putih Pedas,Rp8.355,oke snack,Jakarta Selatan,90+ terjual,4.9
"Seblak Rafael, Seblak Coet Instan Halal",Rp25.000,Brother Meat Shop,Depok,250+ terjual,5.0
"Kylafood Seblak Rempah Autentik 115gr, Seblak Instan Halal",Rp9.900,Brother Meat Shop,Depok,100+ terjual,4.9
Seblak Instan Pedas Home Made,Rp3.500,the Dhecip,Tangerang Selatan,3rb+ terjual,4.9
SEBLAK INSTANT TERMURAH,Rp4.450,Pusat Cuankie & Cemilan Frozen,Jakarta Timur,10rb+ terjual,4.8
"Kylafood Seblak Cup Instan, Halal",Rp11.500,Brother Meat Shop,Depok,100+ terjual,5.0
SEBRING KRUPUK KERUPUK SEBLAK KERING PEDAS DAUN JERUK 1KG CABE ASLI,Rp16.000,Aydaa Snack,Surakarta,90+ terjual,4.9
Gelifood Seblak Instan Kerupuk Mawar Bumbu Kencur Rafael Pedas Gurih,Rp15.000,Lidigeli,Kab. Garut,250+ terjual,4.8
Kerupuk Seblak Rafael Pedas / Seblak Mawar Pedes - Duo Bocil Snack,Rp16.000,DUO BOCIL SNACK,Depok,100+ terjual,5.0
Seblak Instan Pedas Home Made,Rp3.500,the Dhecip,Tangerang Selatan,3rb+ terjual,4.9
seblak basreng pedas original exstra daun jeruk 500gram,Rp25.000,Seblak putra bandung,Kab. Bandung,250+ terjual,4.8
Seblak instant isi korean tteokbokki dan odeng,Rp16.900,dse_food,Kab. Bogor,,
Kylafood Seblak Rempah Autentik isi (20 pcs),Rp240.672,kylafood,Bandung,11 terjual,5.0
cuanki tahu kering seblak atau batagor kering isi 150 pcs,Rp34.000,CUANKI CULAMETAN,Kab. Garut,100+ terjual,4.9
Paket 5 pcs Seblak Instan Ceu Nthien terdekat Viral,Rp85.000,Central Seblak Nusantara,Tangerang Selatan,21 terjual,5.0
siomay mini kering 250 gram toping seblak baso aci,Rp8.000,CUANKI CULAMETAN,Kab. Garut,100+ terjual,4.9
snack kiloan kerupuk seblak pedas nagih 250 gram free bubble warp,Rp16.000,camilaNung,Bekasi,500+ terjual,4.8
SEBLAK INSTAN,Rp5.000,Griyo Seni,Kab. Sidoarjo,100+ terjual,4.5
KERUPUK BAWANG ANEKA WARNA KRUPUK SEBLAK MENTAH WARNA WARNI,Rp15.500,BociKakang,Jakarta Selatan,250+ terjual,4.8
Seblak Instan Komplit Pedas Gurih Nikmat,Rp5.999,Baso Aci Ayang,Kab. Garut,3rb+ terjual,4.9
SEBLAK INSTAN TERMURAH,Rp3.500,Cemilan-Ce,Kab. Sidoarjo,100+ terjual,4.9
,,,,,
,,,,,
,,,,,
,,,,,
,,,,,
,,,,,
,,,,,
,,,,,
,,,,,
,,,,,
,,,,,
,,,,,
,,,,,
,,,,,
,,,,,
,,,,,
,,,,,
,,,,,
,,,,,
,,,,,
,,,,,
,,,,,
,,,,,
,,,,,
,,,,,
,,,,,
,,,,,
,,,,,
,,,,,
,,,,,
,,,,,
,,,,,
,,,,,
,,,,,
,,,,,
,,,,,
,,,,,
,,,,,
,,,,,
,,,,,
,,,,,
,,,,,
,,,,,
,,,,,
,,,,,
,,,,,
,,,,,
,,,,,
,,,,,
,,,,,
,,,,,
,,,,,
,,,,,
,,,,,
,,,,,
,,,,,
,,,,,
,,,,,
,,,,,
,,,,,
,,,,,
,,,,,
,,,,,
,,,,,
,,,,,
,,,,,
,,,,,
,,,,,
,,,,,
,,,,,
,,,,,
,,,,,
,,,,,
,,,,,
,,,,,
"Seblak Rafael, Seblak Coet Instan Halal",Rp25.000,Brother Meat Shop,Depok,250+ terjual,5.0
Seblak Instan Pedas Home Made,Rp3.500,the Dhecip,Tangerang Selatan,3rb+ terjual,4.9
SEBLAK INSTANT TERMURAH,Rp4.450,Pusat Cuankie & Cemilan Frozen,Jakarta Timur,10rb+ terjual,4.8
"Kylafood Seblak Cup Instan, Halal",Rp11.500,Brother Meat Shop,Depok,100+ terjual,5.0
SEBLAK INSTAN MAMANG TERMURAH,Rp4.200,global cookware1,Jakarta Barat,250+ terjual,5.0
KERUPUK SEBLAK PEDAS / KRUPUK SEBLAK KERING DAUN JERUK PEDES,Rp25.000,LEGIT SNACK,Jakarta Barat,60+ terjual,5.0
SEBRING KRUPUK KERUPUK SEBLAK KERING PEDAS DAUN JERUK 1KG CABE ASLI,Rp16.000,Aydaa Snack,Surakarta,90+ terjual,4.9
"siomay kering bandung 500 gr. untuk baso aci, seblak ,mie ayam dll",Rp14.999,aghniya,Tangerang Selatan,750+ terjual,4.9
Kerupuk Seblak / Seblak / Kering Pedas /,Rp10.000,Anggris store,Kab. Bogor,50+ terjual,4.8
kerupuk seblak kering pedas 1 kg keripik hot spicy camilan kekinian,Rp41.000,JAGO TOK PETOK,Surabaya,100+ terjual,4.9
"Seblak Rafael, Seblak Coet Instan Halal",Rp25.000,Brother Meat Shop,Depok,250+ terjual,5.0
Kerupuk Seblak Rafael Pedas / Seblak Mawar Pedes - Duo Bocil Snack,Rp16.000,DUO BOCIL SNACK,Depok,100+ terjual,5.0
Kerupuk SEBLAK MAWAR Rafael - Cikruh Daun Jeruk,Rp20.000,KRIUK JAYA,Jakarta Barat,40+ terjual,4.9
Gelifood Seblak Instan Kerupuk Mawar Bumbu Kencur Rafael Pedas Gurih,Rp15.000,Lidigeli,Kab. Garut,250+ terjual,4.8
Kerupuk Seblak Rafael Mawar Putih Pedas,Rp8.355,oke snack,Jakarta Selatan,90+ terjual,4.9
"Seblak Rafael, Seblak Coet Instan Halal",Rp25.000,Brother Meat Shop,Depok,250+ terjual,5.0
"Kylafood Seblak Rempah Autentik 115gr, Seblak Instan Halal",Rp9.900,Brother Meat Shop,Depok,100+ terjual,4.9
Seblak Instan Pedas Home Made,Rp3.500,the Dhecip,Tangerang Selatan,3rb+ terjual,4.9
SEBLAK INSTANT TERMURAH,Rp4.450,Pusat Cuankie & Cemilan Frozen,Jakarta Timur,10rb+ terjual,4.8
"Kylafood Seblak Cup Instan, Halal",Rp11.500,Brother Meat Shop,Depok,100+ terjual,5.0
SEBRING KRUPUK KERUPUK SEBLAK KERING PEDAS DAUN JERUK 1KG CABE ASLI,Rp16.000,Aydaa Snack,Surakarta,90+ terjual,4.9
Gelifood Seblak Instan Kerupuk Mawar Bumbu Kencur Rafael Pedas Gurih,Rp15.000,Lidigeli,Kab. Garut,250+ terjual,4.8
Kerupuk Seblak Rafael Pedas / Seblak Mawar Pedes - Duo Bocil Snack,Rp16.000,DUO BOCIL SNACK,Depok,100+ terjual,5.0
Seblak Instan Pedas Home Made,Rp3.500,the Dhecip,Tangerang Selatan,3rb+ terjual,4.9
seblak basreng pedas original exstra daun jeruk 500gram,Rp25.000,Seblak putra bandung,Kab. Bandung,250+ terjual,4.8
cuanki lidah 150 pcs toping seblak baso aci,Rp35.000,CUANKI CULAMETAN,Kab. Garut,250+ terjual,5.0
siomay mini kering 1kg / gurilem toping seblak baso aci cuanki,Rp25.500,CuankiCulametan,Kab. Garut,100+ terjual,4.9
pangsit segitiga kering atau cipet isi 100 toping seblak baso aci,Rp32.999,CUANKI CULAMETAN,Kab. Garut,40+ terjual,4.7
Seblak Tulang Rangu Nyai Mercon,Rp21.000,Jajanan Hits (JS),Tangerang Selatan,30+ terjual,5.0
SEBRING snack seblak kering kriuk - Pedas,Rp26.000,snack darling,Kab. Bandung Barat,,
Seblak Instan Kenyang Murah Asli Bandung Reseller Tanpa Pengawet,Rp7.138,Berkah Food Bandung,Cimahi,7rb+ terjual,4.9
SEBLAK KERING 100gr DUA VARIAN RASA,Rp4.500,jajanangarut19,Jakarta Selatan,250+ terjual,4.6
SEBLAK INSTANT HALU - SEBLAK MIE HALU - EMAK INDAH FOOD,Rp19.999,Pempek Emak Indah,Jakarta Barat,250+ terjual,4.7
Ready seblak basreng pedas daun jeruk 1kg basreng bandung renyah gurih,Rp50.000,seblak bandung99,Kab. Bandung,750+ terjual,4.9
Indomie Hypeabis Seblak Hot Jeletot,Rp3.198,Indofood Official Store,Tangerang Selatan,2rb+ terjual,5.0
,,,,,
,,,,,
,,,,,
,,,,,
,,,,,
,,,,,
,,,,,
,,,,,
,,,,,
,,,,,
,,,,,
,,,,,
,,,,,
,,,,,
,,,,,
,,,,,
,,,,,
,,,,,
,,,,,
,,,,,
,,,,,
,,,,,
,,,,,
,,,,,
,,,,,
,,,,,
,,,,,
,,,,,
,,,,,
,,,,,
,,,,,
,,,,,
,,,,,
,,,,,
,,,,,
,,,,,
,,,,,
,,,,,
,,,,,
,,,,,
,,,,,
,,,,,
,,,,,
,,,,,
,,,,,
,,,,,
,,,,,
,,,,,
,,,,,
,,,,,
,,,,,
,,,,,
,,,,,
,,,,,
,,,,,
,,,,,
,,,,,
,,,,,
,,,,,
,,,,,
,,,,,
,,,,,
,,,,,
,,,,,
,,,,,
,,,,,
,,,,,
,,,,,
,,,,,
,,,,,
,,,,,
,,,,,
,,,,,
,,,,,
,,,,,
"Seblak Rafael, Seblak Coet Instan Halal",Rp25.000,Brother Meat Shop,Depok,250+ terjual,5.0
Seblak Instan Pedas Home Made,Rp3.500,the Dhecip,Tangerang Selatan,3rb+ terjual,4.9
SEBLAK INSTANT TERMURAH,Rp4.450,Pusat Cuankie & Cemilan Frozen,Jakarta Timur,10rb+ terjual,4.8
"Kylafood Seblak Cup Instan, Halal",Rp11.500,Brother Meat Shop,Depok,100+ terjual,5.0
SEBLAK INSTAN MAMANG TERMURAH,Rp4.200,global cookware1,Jakarta Barat,250+ terjual,5.0
KERUPUK SEBLAK PEDAS / KRUPUK SEBLAK KERING DAUN JERUK PEDES,Rp25.000,LEGIT SNACK,Jakarta Barat,60+ terjual,5.0
SEBRING KRUPUK KERUPUK SEBLAK KERING PEDAS DAUN JERUK 1KG CABE ASLI,Rp16.000,Aydaa Snack,Surakarta,90+ terjual,4.9
"siomay kering bandung 500 gr. untuk baso aci, seblak ,mie ayam dll",Rp14.999,aghniya,Tangerang Selatan,750+ terjual,4.9
Kerupuk Seblak / Seblak / Kering Pedas /,Rp10.000,Anggris store,Kab. Bogor,50+ terjual,4.8
kerupuk seblak kering pedas 1 kg keripik hot spicy camilan kekinian,Rp41.000,JAGO TOK PETOK,Surabaya,100+ terjual,4.9
"Seblak Rafael, Seblak Coet Instan Halal",Rp25.000,Brother Meat Shop,Depok,250+ terjual,5.0
Kerupuk Seblak Rafael Pedas / Seblak Mawar Pedes - Duo Bocil Snack,Rp16.000,DUO BOCIL SNACK,Depok,100+ terjual,5.0
Kerupuk SEBLAK MAWAR Rafael - Cikruh Daun Jeruk,Rp20.000,KRIUK JAYA,Jakarta Barat,40+ terjual,4.9
Gelifood Seblak Instan Kerupuk Mawar Bumbu Kencur Rafael Pedas Gurih,Rp15.000,Lidigeli,Kab. Garut,250+ terjual,4.8
Kerupuk Seblak Rafael Mawar Putih Pedas,Rp8.355,oke snack,Jakarta Selatan,90+ terjual,4.9
"Seblak Rafael, Seblak Coet Instan Halal",Rp25.000,Brother Meat Shop,Depok,250+ terjual,5.0
"Kylafood Seblak Rempah Autentik 115gr, Seblak Instan Halal",Rp9.900,Brother Meat Shop,Depok,100+ terjual,4.9
Seblak Instan Pedas Home Made,Rp3.500,the Dhecip,Tangerang Selatan,3rb+ terjual,4.9
SEBLAK INSTANT TERMURAH,Rp4.450,Pusat Cuankie & Cemilan Frozen,Jakarta Timur,10rb+ terjual,4.8
"Kylafood Seblak Cup Instan, Halal",Rp11.500,Brother Meat Shop,Depok,100+ terjual,5.0
SEBRING KRUPUK KERUPUK SEBLAK KERING PEDAS DAUN JERUK 1KG CABE ASLI,Rp16.000,Aydaa Snack,Surakarta,90+ terjual,4.9
Gelifood Seblak Instan Kerupuk Mawar Bumbu Kencur Rafael Pedas Gurih,Rp15.000,Lidigeli,Kab. Garut,250+ terjual,4.8
Kerupuk Seblak Rafael Pedas / Seblak Mawar Pedes - Duo Bocil Snack,Rp16.000,DUO BOCIL SNACK,Depok,100+ terjual,5.0
Seblak Instan Pedas Home Made,Rp3.500,the Dhecip,Tangerang Selatan,3rb+ terjual,4.9
seblak basreng pedas original exstra daun jeruk 500gram,Rp25.000,Seblak putra bandung,Kab. Bandung,250+ terjual,4.8
Peyek Lin's,Rp7.500,Pisang Goreng Madu Bu Nanik,Jakarta Barat,4rb+ terjual,4.8
cilok goang kuah,Rp5.700,Berkah Food Bandung,Cimahi,4rb+ terjual,4.9
Peyek Bayam Tridara Snack,Rp16.500,Pisang Goreng Madu Bu Nanik,Jakarta Barat,500+ terjual,4.7
Geli Chips - Basreng Spicy Pedas Gurih Daun Jeruk (Bakso Goreng) 65gr,Rp10.200,Foodstocks,Jakarta Selatan,100+ terjual,4.9
Keripik Slondok Singkong Sari Roso,Rp26.000,Pisang Goreng Madu Bu Nanik,Jakarta Barat,250+ terjual,4.8
"baso aci, bakso aci, cuanki, seblak instan, boci",Rp8.000,baso aci masabi,Jakarta Selatan,2rb+ terjual,4.8
Paket 7 Pack Seblak Instant CARLA,Rp145.000,Seblak carla,Tangerang,30+ terjual,4.9
KERUPUK SEBLAK SAMBAL KRUPUK KERITING KECIL Mentah Krupuk,Rp7.821,Iguazabest777,Kab. Tangerang,50+ terjual,4.9
"siomay kering bandung 500 gr. untuk baso aci, seblak ,mie ayam dll",Rp14.999,aghniya,Tangerang Selatan,750+ terjual,4.9
KERUPUK KRUPUK SEBLAK JABLAY KRUPUK PELANGI 170 GRAM,Rp11.630,G Cakery,Jakarta Pusat,90+ terjual,4.9
,,,,,
,,,,,
,,,,,
,,,,,
,,,,,
,,,,,
,,,,,
,,,,,
,,,,,
,,,,,
,,,,,
,,,,,
,,,,,
,,,,,
,,,,,
,,,,,
,,,,,
,,,,,
,,,,,
,,,,,
,,,,,
,,,,,
,,,,,
,,,,,
,,,,,
,,,,,
,,,,,
,,,,,
,,,,,
,,,,,
,,,,,
,,,,,
,,,,,
,,,,,
,,,,,
,,,,,
,,,,,
,,,,,
,,,,,
,,,,,
,,,,,
,,,,,
,,,,,
,,,,,
,,,,,
,,,,,
,,,,,
,,,,,
,,,,,
,,,,,
,,,,,
,,,,,
,,,,,
,,,,,
,,,,,
,,,,,
,,,,,
,,,,,
,,,,,
,,,,,
,,,,,
,,,,,
,,,,,
,,,,,
,,,,,
,,,,,
,,,,,
,,,,,
,,,,,
,,,,,
,,,,,
,,,,,
,,,,,
,,,,,
,,,,,
"Seblak Rafael, Seblak Coet Instan Halal",Rp25.000,Brother Meat Shop,Depok,250+ terjual,5.0
Seblak Instan Pedas Home Made,Rp3.500,the Dhecip,Tangerang Selatan,3rb+ terjual,4.9
SEBLAK INSTANT TERMURAH,Rp4.450,Pusat Cuankie & Cemilan Frozen,Jakarta Timur,10rb+ terjual,4.8
"Kylafood Seblak Cup Instan, Halal",Rp11.500,Brother Meat Shop,Depok,100+ terjual,5.0
SEBLAK INSTAN MAMANG TERMURAH,Rp4.200,global cookware1,Jakarta Barat,250+ terjual,5.0
KERUPUK SEBLAK PEDAS / KRUPUK SEBLAK KERING DAUN JERUK PEDES,Rp25.000,LEGIT SNACK,Jakarta Barat,60+ terjual,5.0
SEBRING KRUPUK KERUPUK SEBLAK KERING PEDAS DAUN JERUK 1KG CABE ASLI,Rp16.000,Aydaa Snack,Surakarta,90+ terjual,4.9
"siomay kering bandung 500 gr. untuk baso aci, seblak ,mie ayam dll",Rp14.999,aghniya,Tangerang Selatan,750+ terjual,4.9
Kerupuk Seblak / Seblak / Kering Pedas /,Rp10.000,Anggris store,Kab. Bogor,50+ terjual,4.8
kerupuk seblak kering pedas 1 kg keripik hot spicy camilan kekinian,Rp41.000,JAGO TOK PETOK,Surabaya,100+ terjual,4.9
"Seblak Rafael, Seblak Coet Instan Halal",Rp25.000,Brother Meat Shop,Depok,250+ terjual,5.0
Kerupuk Seblak Rafael Pedas / Seblak Mawar Pedes - Duo Bocil Snack,Rp16.000,DUO BOCIL SNACK,Depok,100+ terjual,5.0
Kerupuk SEBLAK MAWAR Rafael - Cikruh Daun Jeruk,Rp20.000,KRIUK JAYA,Jakarta Barat,40+ terjual,4.9
Gelifood Seblak Instan Kerupuk Mawar Bumbu Kencur Rafael Pedas Gurih,Rp15.000,Lidigeli,Kab. Garut,250+ terjual,4.8
Kerupuk Seblak Rafael Mawar Putih Pedas,Rp8.355,oke snack,Jakarta Selatan,90+ terjual,4.9
"Seblak Rafael, Seblak Coet Instan Halal",Rp25.000,Brother Meat Shop,Depok,250+ terjual,5.0
"Kylafood Seblak Rempah Autentik 115gr, Seblak Instan Halal",Rp9.900,Brother Meat Shop,Depok,100+ terjual,4.9
Seblak Instan Pedas Home Made,Rp3.500,the Dhecip,Tangerang Selatan,3rb+ terjual,4.9
SEBLAK INSTANT TERMURAH,Rp4.450,Pusat Cuankie & Cemilan Frozen,Jakarta Timur,10rb+ terjual,4.8
"Kylafood Seblak Cup Instan, Halal",Rp11.500,Brother Meat Shop,Depok,100+ terjual,5.0
SEBRING KRUPUK KERUPUK SEBLAK KERING PEDAS DAUN JERUK 1KG CABE ASLI,Rp16.000,Aydaa Snack,Surakarta,90+ terjual,4.9
Gelifood Seblak Instan Kerupuk Mawar Bumbu Kencur Rafael Pedas Gurih,Rp15.000,Lidigeli,Kab. Garut,250+ terjual,4.8
Kerupuk Seblak Rafael Pedas / Seblak Mawar Pedes - Duo Bocil Snack,Rp16.000,DUO BOCIL SNACK,Depok,100+ terjual,5.0
Seblak Instan Pedas Home Made,Rp3.500,the Dhecip,Tangerang Selatan,3rb+ terjual,4.9
seblak basreng pedas original exstra daun jeruk 500gram,Rp25.000,Seblak putra bandung,Kab. Bandung,250+ terjual,4.8
Keripik Kentang Pedas Tridara Snack,Rp16.500,Pisang Goreng Madu Bu Nanik,Jakarta Barat,500+ terjual,4.9
Kerupuk rambak sapi,Rp15.000,Pisang Goreng Madu Bu Nanik,Jakarta Barat,1rb+ terjual,4.9
Kerupuk Ikan Tanggiri,Rp17.000,Pisang Goreng Madu Bu Nanik,Jakarta Barat,1rb+ terjual,4.9
Kerupuk Keriting Palembang,Rp28.000,Pisang Goreng Madu Bu Nanik,Jakarta Barat,1rb+ terjual,4.9
Somay mini Gurilem batagor mini toping seblak baso Aci cuanki 1kg,Rp28.500,Distributor Cuanki dan Seblak,Kab. Bekasi,100+ terjual,4.9
Kerupuk indosari gado gado dan seblak,Rp25.900,Agen bawang goreng mas YO,Kab. Bogor,100+ terjual,4.9
Bakso Aci Seblak Mie instant baso kekinian halal murah enak,Rp6.999,Maya Light Electro,Tangerang,30+ terjual,4.6
"seblak krupuk 5000 ,pedas dan gurih",Rp4.000,anugrah seblak,Kab. Bandung,1rb+ terjual,4.7
kerupuk seblak extra pedas murah meriah,Rp5.000,RIKI STORE 97,Kab. Bogor,12 terjual,4.7
Kerupuk Seblak 100 gram-Tantaz Snack,Rp6.500,tantaz_Snack,Tangerang Selatan,23 terjual,4.8
,,,,,
,,,,,
,,,,,
,,,,,
,,,,,
,,,,,
,,,,,
,,,,,
,,,,,
,,,,,
,,,,,
,,,,,
,,,,,
,,,,,
,,,,,
,,,,,
,,,,,
,,,,,
,,,,,
,,,,,
,,,,,
,,,,,
,,,,,
,,,,,
,,,,,
,,,,,
,,,,,
,,,,,
,,,,,
,,,,,
,,,,,
,,,,,
,,,,,
,,,,,
,,,,,
,,,,,
,,,,,
,,,,,
,,,,,
,,,,,
,,,,,
,,,,,
,,,,,
,,,,,
,,,,,
,,,,,
,,,,,
,,,,,
,,,,,
,,,,,
,,,,,
,,,,,
,,,,,
,,,,,
,,,,,
"Seblak Rafael, Seblak Coet Instan Halal",Rp25.000,Brother Meat Shop,Depok,250+ terjual,5.0
Seblak Instan Pedas Home Made,Rp3.500,the Dhecip,Tangerang Selatan,3rb+ terjual,4.9
SEBLAK INSTANT TERMURAH,Rp4.450,Pusat Cuankie & Cemilan Frozen,Jakarta Timur,10rb+ terjual,4.8
"Kylafood Seblak Cup Instan, Halal",Rp11.500,Brother Meat Shop,Depok,100+ terjual,5.0
SEBLAK INSTAN MAMANG TERMURAH,Rp4.200,global cookware1,Jakarta Barat,250+ terjual,5.0
KERUPUK SEBLAK PEDAS / KRUPUK SEBLAK KERING DAUN JERUK PEDES,Rp25.000,LEGIT SNACK,Jakarta Barat,60+ terjual,5.0
SEBRING KRUPUK KERUPUK SEBLAK KERING PEDAS DAUN JERUK 1KG CABE ASLI,Rp16.000,Aydaa Snack,Surakarta,90+ terjual,4.9
"siomay kering bandung 500 gr. untuk baso aci, seblak ,mie ayam dll",Rp14.999,aghniya,Tangerang Selatan,750+ terjual,4.9
Kerupuk Seblak / Seblak / Kering Pedas /,Rp10.000,Anggris store,Kab. Bogor,50+ terjual,4.8
kerupuk seblak kering pedas 1 kg keripik hot spicy camilan kekinian,Rp41.000,JAGO TOK PETOK,Surabaya,100+ terjual,4.9
"Seblak Rafael, Seblak Coet Instan Halal",Rp25.000,Brother Meat Shop,Depok,250+ terjual,5.0
Kerupuk Seblak Rafael Pedas / Seblak Mawar Pedes - Duo Bocil Snack,Rp16.000,DUO BOCIL SNACK,Depok,100+ terjual,5.0
Kerupuk SEBLAK MAWAR Rafael - Cikruh Daun Jeruk,Rp20.000,KRIUK JAYA,Jakarta Barat,40+ terjual,4.9
Gelifood Seblak Instan Kerupuk Mawar Bumbu Kencur Rafael Pedas Gurih,Rp15.000,Lidigeli,Kab. Garut,250+ terjual,4.8
Kerupuk Seblak Rafael Mawar Putih Pedas,Rp8.355,oke snack,Jakarta Selatan,90+ terjual,4.9
"Seblak Rafael, Seblak Coet Instan Halal",Rp25.000,Brother Meat Shop,Depok,250+ terjual,5.0
"Kylafood Seblak Rempah Autentik 115gr, Seblak Instan Halal",Rp9.900,Brother Meat Shop,Depok,100+ terjual,4.9
Seblak Instan Pedas Home Made,Rp3.500,the Dhecip,Tangerang Selatan,3rb+ terjual,4.9
SEBLAK INSTANT TERMURAH,Rp4.450,Pusat Cuankie & Cemilan Frozen,Jakarta Timur,10rb+ terjual,4.8
"Kylafood Seblak Cup Instan, Halal",Rp11.500,Brother Meat Shop,Depok,100+ terjual,5.0
SEBRING KRUPUK KERUPUK SEBLAK KERING PEDAS DAUN JERUK 1KG CABE ASLI,Rp16.000,Aydaa Snack,Surakarta,90+ terjual,4.9
Gelifood Seblak Instan Kerupuk Mawar Bumbu Kencur Rafael Pedas Gurih,Rp15.000,Lidigeli,Kab. Garut,250+ terjual,4.8
Kerupuk Seblak Rafael Pedas / Seblak Mawar Pedes - Duo Bocil Snack,Rp16.000,DUO BOCIL SNACK,Depok,100+ terjual,5.0
Seblak Instan Pedas Home Made,Rp3.500,the Dhecip,Tangerang Selatan,3rb+ terjual,4.9
seblak basreng pedas original exstra daun jeruk 500gram,Rp25.000,Seblak putra bandung,Kab. Bandung,250+ terjual,4.8
Seblak Kerupuk,Rp12.000,agen produk organik jkt,Jakarta Timur,,
Bundling 3 - Seblak Bapper - Seblak Basranger - Seblak Terciduk,Rp51.900,Gerai Snack Official Shop,Kab. Tangerang,9 terjual,
"Paket Happy (Seblak Original, Batagor Kuah, Bacil)",Rp64.815,kylafood,Bandung,500+ terjual,4.9
Kerupuk seblak Mawar / Seblak Rafael / Seblak viral 500 gr,Rp17.500,Bintang Snack & Camilan,Semarang,12 terjual,5.0
Kylafood Batagor Kuah,Rp27.075,kylafood,Bandung,10rb+ terjual,4.9
Seblak Bandung Jawara Pedas,Rp28.000,AkagamiShanks40,Jakarta Pusat,6 terjual,5.0
SEBLAK KOMPLIT EXTRA PEDAS DENGAN BUMBU SPECIAL,Rp12.500,jsr rempah indonesia,Jakarta Selatan,29 terjual,4.7
BASRENG 1 KG SEBLAK DAUN JERUK PURUT SUPER PEDAS ORIGINAL SUPER RENYAH,Rp51.771,Grosir Besar Kalimantan,Banjarbaru,19 terjual,5.0
siomay mini kering 1kg / cuanki / batagor / seblak / bakso aci,Rp29.000,fahirastores,Kab. Bandung Barat,100+ terjual,4.9
1kg GURILEM Siomay Mini bahan Pelengkap Boci seblak dan cuanki,Rp28.615,lahawelah,Kab. Garut,750+ terjual,4.9
,,,,,
,,,,,
,,,,,
,,,,,
,,,,,
,,,,,
,,,,,
,,,,,
,,,,,
,,,,,
,,,,,
,,,,,
,,,,,
,,,,,
,,,,,
,,,,,
,,,,,
,,,,,
,,,,,
,,,,,
,,,,,
,,,,,
,,,,,
,,,,,
,,,,,
,,,,,
,,,,,
,,,,,
,,,,,
,,,,,
,,,,,
,,,,,
,,,,,
,,,,,
,,,,,
,,,,,
,,,,,
,,,,,
,,,,,
,,,,,
,,,,,
,,,,,
,,,,,
,,,,,
,,,,,
,,,,,
,,,,,
,,,,,
,,,,,
,,,,,
,,,,,
,,,,,
,,,,,
,,,,,
,,,,,
,,,,,
,,,,,
,,,,,
,,,,,
,,,,,
,,,,,
,,,,,
,,,,,
,,,,,
,,,,,
,,,,,
,,,,,
,,,,,
,,,,,
,,,,,
,,,,,
,,,,,
,,,,,
,,,,,
,,,,,
"Seblak Rafael, Seblak Coet Instan Halal",Rp25.000,Brother Meat Shop,Depok,250+ terjual,5.0
Seblak Instan Pedas Home Made,Rp3.500,the Dhecip,Tangerang Selatan,3rb+ terjual,4.9
SEBLAK INSTANT TERMURAH,Rp4.450,Pusat Cuankie & Cemilan Frozen,Jakarta Timur,10rb+ terjual,4.8
"Kylafood Seblak Cup Instan, Halal",Rp11.500,Brother Meat Shop,Depok,100+ terjual,5.0
SEBLAK INSTAN MAMANG TERMURAH,Rp4.200,global cookware1,Jakarta Barat,250+ terjual,5.0
KERUPUK SEBLAK PEDAS / KRUPUK SEBLAK KERING DAUN JERUK PEDES,Rp25.000,LEGIT SNACK,Jakarta Barat,60+ terjual,5.0
SEBRING KRUPUK KERUPUK SEBLAK KERING PEDAS DAUN JERUK 1KG CABE ASLI,Rp16.000,Aydaa Snack,Surakarta,90+ terjual,4.9
"siomay kering bandung 500 gr. untuk baso aci, seblak ,mie ayam dll",Rp14.999,aghniya,Tangerang Selatan,750+ terjual,4.9
Kerupuk Seblak / Seblak / Kering Pedas /,Rp10.000,Anggris store,Kab. Bogor,50+ terjual,4.8
kerupuk seblak kering pedas 1 kg keripik hot spicy camilan kekinian,Rp41.000,JAGO TOK PETOK,Surabaya,100+ terjual,4.9
"Seblak Rafael, Seblak Coet Instan Halal",Rp25.000,Brother Meat Shop,Depok,250+ terjual,5.0
Kerupuk Seblak Rafael Pedas / Seblak Mawar Pedes - Duo Bocil Snack,Rp16.000,DUO BOCIL SNACK,Depok,100+ terjual,5.0
Kerupuk SEBLAK MAWAR Rafael - Cikruh Daun Jeruk,Rp20.000,KRIUK JAYA,Jakarta Barat,40+ terjual,4.9
Gelifood Seblak Instan Kerupuk Mawar Bumbu Kencur Rafael Pedas Gurih,Rp15.000,Lidigeli,Kab. Garut,250+ terjual,4.8
Kerupuk Seblak Rafael Mawar Putih Pedas,Rp8.355,oke snack,Jakarta Selatan,90+ terjual,4.9
"Seblak Rafael, Seblak Coet Instan Halal",Rp25.000,Brother Meat Shop,Depok,250+ terjual,5.0
"Kylafood Seblak Rempah Autentik 115gr, Seblak Instan Halal",Rp9.900,Brother Meat Shop,Depok,100+ terjual,4.9
Seblak Instan Pedas Home Made,Rp3.500,the Dhecip,Tangerang Selatan,3rb+ terjual,4.9
SEBLAK INSTANT TERMURAH,Rp4.450,Pusat Cuankie & Cemilan Frozen,Jakarta Timur,10rb+ terjual,4.8
"Kylafood Seblak Cup Instan, Halal",Rp11.500,Brother Meat Shop,Depok,100+ terjual,5.0
SEBRING KRUPUK KERUPUK SEBLAK KERING PEDAS DAUN JERUK 1KG CABE ASLI,Rp16.000,Aydaa Snack,Surakarta,90+ terjual,4.9
Gelifood Seblak Instan Kerupuk Mawar Bumbu Kencur Rafael Pedas Gurih,Rp15.000,Lidigeli,Kab. Garut,250+ terjual,4.8
Kerupuk Seblak Rafael Pedas / Seblak Mawar Pedes - Duo Bocil Snack,Rp16.000,DUO BOCIL SNACK,Depok,100+ terjual,5.0
Seblak Instan Pedas Home Made,Rp3.500,the Dhecip,Tangerang Selatan,3rb+ terjual,4.9
seblak basreng pedas original exstra daun jeruk 500gram,Rp25.000,Seblak putra bandung,Kab. Bandung,250+ terjual,4.8
Kylafood Paket (3 Seblak Original 2 Batagor kuah) ,Rp105.705,kylafood,Bandung,3rb+ terjual,4.9
 Kylafood Seblak karuhun,Rp10.800,kylafood,Bandung,4rb+ terjual,4.8
Kylafood Seblak Kwetiaw play,Rp22.325,kylafood,Bandung,500+ terjual,5.0
Cimol Spicy Lava Kylafood,Rp27.075,kylafood,Bandung,750+ terjual,4.9
Kylafood Seblak Kwetiaw,Rp22.325,kylafood,Bandung,4rb+ terjual,4.9
KERUPUK OREN - KERUPUK SEBLAK MENTAH - 500GRAM - ANEKA SAYURAN SEGAR,Rp10.000,Aneka Sayuran Segar,Jakarta Utara,80+ terjual,4.9
Kerupuk Seblak Pedas / Kerupuk Seblak Merah,Rp18.000,Snackzone PP,Jakarta Pusat,22 terjual,4.0
Kerupuk mawar putih mentag 250gram / kerupuk ikan / seblak viral,Rp7.000,Semesta kerupuk,Tangerang Selatan,7 terjual,5.0
baso Aci/boci/seblak CUANKI LIDAH KHAS GARUT MURAH isi 100 pcs,Rp39.999,ArfaOnlineShop,Tangerang,6 terjual,5.0
TENS Mie Kremes Seblak / Snack Vegan / Cemilan Sehat 65Gr,Rp11.900,Frozen Mart Jakarta,Jakarta Utara,23 terjual,5.0
,,,,,
,,,,,
,,,,,
,,,,,
,,,,,
,,,,,
,,,,,
,,,,,
,,,,,
,,,,,
,,,,,
,,,,,
,,,,,
,,,,,
,,,,,
,,,,,
,,,,,
,,,,,
,,,,,
,,,,,
,,,,,
,,,,,
,,,,,
,,,,,
,,,,,
,,,,,
,,,,,
,,,,,
,,,,,
,,,,,
,,,,,
,,,,,
,,,,,
,,,,,
,,,,,
,,,,,
,,,,,
,,,,,
,,,,,
,,,,,
,,,,,
,,,,,
,,,,,
,,,,,
,,,,,
,,,,,
,,,,,
,,,,,
,,,,,
,,,,,
,,,,,
,,,,,
,,,,,
,,,,,
,,,,,
,,,,,
,,,,,
,,,,,
,,,,,
,,,,,
,,,,,
,,,,,
,,,,,
,,,,,
,,,,,
,,,,,
,,,,,
,,,,,
,,,,,
,,,,,
,,,,,
,,,,,
,,,,,
,,,,,
,,,,,
"Seblak Rafael, Seblak Coet Instan Halal",Rp25.000,Brother Meat Shop,Depok,250+ terjual,5.0
Seblak Instan Pedas Home Made,Rp3.500,the Dhecip,Tangerang Selatan,3rb+ terjual,4.9
SEBLAK INSTANT TERMURAH,Rp4.450,Pusat Cuankie & Cemilan Frozen,Jakarta Timur,10rb+ terjual,4.8
"Kylafood Seblak Cup Instan, Halal",Rp11.500,Brother Meat Shop,Depok,100+ terjual,5.0
SEBLAK INSTAN MAMANG TERMURAH,Rp4.200,global cookware1,Jakarta Barat,250+ terjual,5.0
KERUPUK SEBLAK PEDAS / KRUPUK SEBLAK KERING DAUN JERUK PEDES,Rp25.000,LEGIT SNACK,Jakarta Barat,60+ terjual,5.0
SEBRING KRUPUK KERUPUK SEBLAK KERING PEDAS DAUN JERUK 1KG CABE ASLI,Rp16.000,Aydaa Snack,Surakarta,90+ terjual,4.9
"siomay kering bandung 500 gr. untuk baso aci, seblak ,mie ayam dll",Rp14.999,aghniya,Tangerang Selatan,750+ terjual,4.9
Kerupuk Seblak / Seblak / Kering Pedas /,Rp10.000,Anggris store,Kab. Bogor,50+ terjual,4.8
kerupuk seblak kering pedas 1 kg keripik hot spicy camilan kekinian,Rp41.000,JAGO TOK PETOK,Surabaya,100+ terjual,4.9
"Seblak Rafael, Seblak Coet Instan Halal",Rp25.000,Brother Meat Shop,Depok,250+ terjual,5.0
Kerupuk Seblak Rafael Pedas / Seblak Mawar Pedes - Duo Bocil Snack,Rp16.000,DUO BOCIL SNACK,Depok,100+ terjual,5.0
Kerupuk SEBLAK MAWAR Rafael - Cikruh Daun Jeruk,Rp20.000,KRIUK JAYA,Jakarta Barat,40+ terjual,4.9
Gelifood Seblak Instan Kerupuk Mawar Bumbu Kencur Rafael Pedas Gurih,Rp15.000,Lidigeli,Kab. Garut,250+ terjual,4.8
Kerupuk Seblak Rafael Mawar Putih Pedas,Rp8.355,oke snack,Jakarta Selatan,90+ terjual,4.9
"Seblak Rafael, Seblak Coet Instan Halal",Rp25.000,Brother Meat Shop,Depok,250+ terjual,5.0
"Kylafood Seblak Rempah Autentik 115gr, Seblak Instan Halal",Rp9.900,Brother Meat Shop,Depok,100+ terjual,4.9
Seblak Instan Pedas Home Made,Rp3.500,the Dhecip,Tangerang Selatan,3rb+ terjual,4.9
SEBLAK INSTANT TERMURAH,Rp4.450,Pusat Cuankie & Cemilan Frozen,Jakarta Timur,10rb+ terjual,4.8
"Kylafood Seblak Cup Instan, Halal",Rp11.500,Brother Meat Shop,Depok,100+ terjual,5.0
SEBRING KRUPUK KERUPUK SEBLAK KERING PEDAS DAUN JERUK 1KG CABE ASLI,Rp16.000,Aydaa Snack,Surakarta,90+ terjual,4.9
Gelifood Seblak Instan Kerupuk Mawar Bumbu Kencur Rafael Pedas Gurih,Rp15.000,Lidigeli,Kab. Garut,250+ terjual,4.8
Kerupuk Seblak Rafael Pedas / Seblak Mawar Pedes - Duo Bocil Snack,Rp16.000,DUO BOCIL SNACK,Depok,100+ terjual,5.0
Seblak Instan Pedas Home Made,Rp3.500,the Dhecip,Tangerang Selatan,3rb+ terjual,4.9
seblak basreng pedas original exstra daun jeruk 500gram,Rp25.000,Seblak putra bandung,Kab. Bandung,250+ terjual,4.8
Seblak Bapper Bikin Nagih Parah Extra Mie Kuning 120gr,Rp19.700,Gerai Snack Official Shop,Kab. Tangerang,50+ terjual,4.9
BUBUK CABAI/CABE BASO ACI/BOCI/SEBLAK/CUANKI ECERAN,Rp699,ArfaOnlineShop,Tangerang,250+ terjual,5.0
Cuanki Batagor besar isi 25 pcs toping seblak baso Aci bakso cuanki,Rp8.600,Distributor Cuanki dan Seblak,Kab. Bekasi,100+ terjual,4.9
Cuanki Tahu Keriting Panjang Topping Baso Aci / Seblak Khas Garut,Rp14.999,Pedas Gilaa,Surabaya,100+ terjual,5.0
Kerupuk seblak merah,Rp18.000,Snackzone KK,Jakarta Selatan,28 terjual,4.9
kerupuk seblak keriting/seblak bulat/kerupuk keriting pedas,Rp15.000,shofia snack bekasi,Kab. Bekasi,100+ terjual,4.7
seblak instan isi 250g / seblak bondol / seblak pedas / kuliner bondol,Rp17.999,KULINER KHAS SUKABUMI,Kab. Sukabumi,100+ terjual,5.0
Kerupuk Seblak Pedas / Makaroni / Basreng / Kerupuk Bantet,Rp3.500,Petani Muda27,Kab. Mojokerto,11 terjual,5.0
"pilus cikur/kencur renceng isi 20 bks. baso aci, seblak, cemilan dll",Rp9.999,aghniya,Tangerang Selatan,250+ terjual,5.0
- Seblak Rafael Asli Original | Seblak Coet Mamang Rafael #,Rp37.000,joniludiansyah,Bandung,3 terjual,5.0
,,,,,
,,,,,
,,,,,
,,,,,
,,,,,
,,,,,
,,,,,
,,,,,
,,,,,
,,,,,
,,,,,
,,,,,
,,,,,
,,,,,
,,,,,
,,,,,
,,,,,
,,,,,
,,,,,
,,,,,
,,,,,
,,,,,
,,,,,
,,,,,
,,,,,
,,,,,
,,,,,
,,,,,
,,,,,
,,,,,
,,,,,
,,,,,
,,,,,
,,,,,
,,,,,
,,,,,
,,,,,
,,,,,
,,,,,
,,,,,
,,,,,
,,,,,
,,,,,
,,,,,
,,,,,
,,,,,
,,,,,
,,,,,
,,,,,
,,,,,
,,,,,
,,,,,
,,,,,
,,,,,
,,,,,
"Seblak Rafael, Seblak Coet Instan Halal",Rp25.000,Brother Meat Shop,Depok,250+ terjual,5.0
Seblak Instan Pedas Home Made,Rp3.500,the Dhecip,Tangerang Selatan,3rb+ terjual,4.9
SEBLAK INSTANT TERMURAH,Rp4.450,Pusat Cuankie & Cemilan Frozen,Jakarta Timur,10rb+ terjual,4.8
"Kylafood Seblak Cup Instan, Halal",Rp11.500,Brother Meat Shop,Depok,100+ terjual,5.0
SEBLAK INSTAN MAMANG TERMURAH,Rp4.200,global cookware1,Jakarta Barat,250+ terjual,5.0
KERUPUK SEBLAK PEDAS / KRUPUK SEBLAK KERING DAUN JERUK PEDES,Rp25.000,LEGIT SNACK,Jakarta Barat,60+ terjual,5.0
SEBRING KRUPUK KERUPUK SEBLAK KERING PEDAS DAUN JERUK 1KG CABE ASLI,Rp16.000,Aydaa Snack,Surakarta,90+ terjual,4.9
"siomay kering bandung 500 gr. untuk baso aci, seblak ,mie ayam dll",Rp14.999,aghniya,Tangerang Selatan,750+ terjual,4.9
Kerupuk Seblak / Seblak / Kering Pedas /,Rp10.000,Anggris store,Kab. Bogor,50+ terjual,4.8
kerupuk seblak kering pedas 1 kg keripik hot spicy camilan kekinian,Rp41.000,JAGO TOK PETOK,Surabaya,100+ terjual,4.9
"Seblak Rafael, Seblak Coet Instan Halal",Rp25.000,Brother Meat Shop,Depok,250+ terjual,5.0
Kerupuk Seblak Rafael Pedas / Seblak Mawar Pedes - Duo Bocil Snack,Rp16.000,DUO BOCIL SNACK,Depok,100+ terjual,5.0
Kerupuk SEBLAK MAWAR Rafael - Cikruh Daun Jeruk,Rp20.000,KRIUK JAYA,Jakarta Barat,40+ terjual,4.9
Gelifood Seblak Instan Kerupuk Mawar Bumbu Kencur Rafael Pedas Gurih,Rp15.000,Lidigeli,Kab. Garut,250+ terjual,4.8
Kerupuk Seblak Rafael Mawar Putih Pedas,Rp8.355,oke snack,Jakarta Selatan,90+ terjual,4.9
"Seblak Rafael, Seblak Coet Instan Halal",Rp25.000,Brother Meat Shop,Depok,250+ terjual,5.0
"Kylafood Seblak Rempah Autentik 115gr, Seblak Instan Halal",Rp9.900,Brother Meat Shop,Depok,100+ terjual,4.9
Seblak Instan Pedas Home Made,Rp3.500,the Dhecip,Tangerang Selatan,3rb+ terjual,4.9
SEBLAK INSTANT TERMURAH,Rp4.450,Pusat Cuankie & Cemilan Frozen,Jakarta Timur,10rb+ terjual,4.8
"Kylafood Seblak Cup Instan, Halal",Rp11.500,Brother Meat Shop,Depok,100+ terjual,5.0
SEBRING KRUPUK KERUPUK SEBLAK KERING PEDAS DAUN JERUK 1KG CABE ASLI,Rp16.000,Aydaa Snack,Surakarta,90+ terjual,4.9
Gelifood Seblak Instan Kerupuk Mawar Bumbu Kencur Rafael Pedas Gurih,Rp15.000,Lidigeli,Kab. Garut,250+ terjual,4.8
Kerupuk Seblak Rafael Pedas / Seblak Mawar Pedes - Duo Bocil Snack,Rp16.000,DUO BOCIL SNACK,Depok,100+ terjual,5.0
Seblak Instan Pedas Home Made,Rp3.500,the Dhecip,Tangerang Selatan,3rb+ terjual,4.9
seblak basreng pedas original exstra daun jeruk 500gram,Rp25.000,Seblak putra bandung,Kab. Bandung,250+ terjual,4.8
Gelichips Seblak Kering Gurih isi 260gram - Combo Seblak Kering 4pcs - Cikuran 4pcs,Rp49.000,Lidigeli,Kab. Garut,21 terjual,5.0
seblak sami raos,Rp27.000,Hidangan Uwo,Bandar Lampung,,
KERUPUK SEBLAK PEDAS DAUN JERUK 100 GR,Rp4.500,BociKakang,Jakarta Selatan,500+ terjual,4.8
Gelichips Seblak Kering Sebring Camilan Kerupuk Pedas Combo 4pcs 65 gr,Rp49.000,Lidigeli,Kab. Garut,5 terjual,5.0
seblak kencur / okesnack,Rp10.000,oke snack,Jakarta Selatan,750+ terjual,4.9
Sebring seblak Rafael bumb pedas gurih daun jeruk 80gr,Rp4.951,Grosir Putra Bdg,Kab. Bandung,25 terjual,5.0
KERUPUK SEBLAK 500GR / KRUPUK SEBLAK DAUN JERUK / SEBLAK PEDAS,Rp19.900,Dapur Sehat21,Kab. Bandung,80+ terjual,4.9
Seblak Makroni pedas daun jeruk 500 gram,Rp25.000,Seblak putra bandung,Kab. Bandung,14 terjual,5.0
Kerupuk Bawang Warna Putih Dan Orange 500Gram Seblak Nasi Uduk Dll,Rp11.000,Distributor-Jaya,Tangerang,100+ terjual,4.9
seblak Abah aceng paling top pedas mantul,Rp5.000,cemilan Bandungstore,Cimahi,23 terjual,5.0
,,,,,
,,,,,
,,,,,
,,,,,
,,,,,
,,,,,
,,,,,
,,,,,
,,,,,
,,,,,
,,,,,
,,,,,
,,,,,
,,,,,
,,,,,
,,,,,
,,,,,
,,,,,
,,,,,
,,,,,
,,,,,
,,,,,
,,,,,
,,,,,
,,,,,
,,,,,
,,,,,
,,,,,
,,,,,
,,,,,
,,,,,
,,,,,
,,,,,
,,,,,
,,,,,
,,,,,
,,,,,
,,,,,
,,,,,
,,,,,
,,,,,
,,,,,
,,,,,
,,,,,
,,,,,
,,,,,
,,,,,
,,,,,
,,,,,
,,,,,
,,,,,
,,,,,
,,,,,
,,,,,
,,,,,
,,,,,
,,,,,
,,,,,
,,,,,
,,,,,
,,,,,
,,,,,
,,,,,
,,,,,
,,,,,
,,,,,
,,,,,
,,,,,
,,,,,
,,,,,
,,,,,
,,,,,
,,,,,
,,,,,
,,,,,
"Seblak Rafael, Seblak Coet Instan Halal",Rp25.000,Brother Meat Shop,Depok,250+ terjual,5.0
Seblak Instan Pedas Home Made,Rp3.500,the Dhecip,Tangerang Selatan,3rb+ terjual,4.9
SEBLAK INSTANT TERMURAH,Rp4.450,Pusat Cuankie & Cemilan Frozen,Jakarta Timur,10rb+ terjual,4.8
"Kylafood Seblak Cup Instan, Halal",Rp11.500,Brother Meat Shop,Depok,100+ terjual,5.0
SEBLAK INSTAN MAMANG TERMURAH,Rp4.200,global cookware1,Jakarta Barat,250+ terjual,5.0
KERUPUK SEBLAK PEDAS / KRUPUK SEBLAK KERING DAUN JERUK PEDES,Rp25.000,LEGIT SNACK,Jakarta Barat,60+ terjual,5.0
SEBRING KRUPUK KERUPUK SEBLAK KERING PEDAS DAUN JERUK 1KG CABE ASLI,Rp16.000,Aydaa Snack,Surakarta,90+ terjual,4.9
"siomay kering bandung 500 gr. untuk baso aci, seblak ,mie ayam dll",Rp14.999,aghniya,Tangerang Selatan,750+ terjual,4.9
Kerupuk Seblak / Seblak / Kering Pedas /,Rp10.000,Anggris store,Kab. Bogor,50+ terjual,4.8
kerupuk seblak kering pedas 1 kg keripik hot spicy camilan kekinian,Rp41.000,JAGO TOK PETOK,Surabaya,100+ terjual,4.9
"Seblak Rafael, Seblak Coet Instan Halal",Rp25.000,Brother Meat Shop,Depok,250+ terjual,5.0
Kerupuk Seblak Rafael Pedas / Seblak Mawar Pedes - Duo Bocil Snack,Rp16.000,DUO BOCIL SNACK,Depok,100+ terjual,5.0
Kerupuk SEBLAK MAWAR Rafael - Cikruh Daun Jeruk,Rp20.000,KRIUK JAYA,Jakarta Barat,40+ terjual,4.9
Gelifood Seblak Instan Kerupuk Mawar Bumbu Kencur Rafael Pedas Gurih,Rp15.000,Lidigeli,Kab. Garut,250+ terjual,4.8
Kerupuk Seblak Rafael Mawar Putih Pedas,Rp8.355,oke snack,Jakarta Selatan,90+ terjual,4.9
"Seblak Rafael, Seblak Coet Instan Halal",Rp25.000,Brother Meat Shop,Depok,250+ terjual,5.0
"Kylafood Seblak Rempah Autentik 115gr, Seblak Instan Halal",Rp9.900,Brother Meat Shop,Depok,100+ terjual,4.9
Seblak Instan Pedas Home Made,Rp3.500,the Dhecip,Tangerang Selatan,3rb+ terjual,4.9
SEBLAK INSTANT TERMURAH,Rp4.450,Pusat Cuankie & Cemilan Frozen,Jakarta Timur,10rb+ terjual,4.8
"Kylafood Seblak Cup Instan, Halal",Rp11.500,Brother Meat Shop,Depok,100+ terjual,5.0
SEBRING KRUPUK KERUPUK SEBLAK KERING PEDAS DAUN JERUK 1KG CABE ASLI,Rp16.000,Aydaa Snack,Surakarta,90+ terjual,4.9
Gelifood Seblak Instan Kerupuk Mawar Bumbu Kencur Rafael Pedas Gurih,Rp15.000,Lidigeli,Kab. Garut,250+ terjual,4.8
Kerupuk Seblak Rafael Pedas / Seblak Mawar Pedes - Duo Bocil Snack,Rp16.000,DUO BOCIL SNACK,Depok,100+ terjual,5.0
Seblak Instan Pedas Home Made,Rp3.500,the Dhecip,Tangerang Selatan,3rb+ terjual,4.9
seblak basreng pedas original exstra daun jeruk 500gram,Rp25.000,Seblak putra bandung,Kab. Bandung,250+ terjual,4.8
